{
  "total_laps": 2,
  "target_laps": 10,
  "lap_times": [
    0.04166308243727598,
    0.04166308243727601,
    0.12498924731182792,
    10.790738351254479,
    0.08332616487455269,
    0.041663082437276344,
    0.041663082437276344,
    0.2499784946236545,
    0.0668851581833998
  ],
  "distance": 480.0,
  "endpoints": [
    [
      240,
      360
    ],
    [
      720,
      360
    ]
  ],
  "duration": 14.246538693064009,
  "processed_frames": 426,
  "video_filename": "videoplayback.mp4",
  "timestamp": "2025-09-20T01:21:20.844489"
}